-- phpMyAdmin SQL Dump
-- version 4.4.13.1deb1
-- http://www.phpmyadmin.net
--
-- Host: localhost
-- Generation Time: Feb 25, 2016 at 04:21 PM
-- Server version: 5.6.27-0ubuntu1
-- PHP Version: 5.6.11-1ubuntu3.1

SET SQL_MODE = "NO_AUTO_VALUE_ON_ZERO";
SET time_zone = "+00:00";


/*!40101 SET @OLD_CHARACTER_SET_CLIENT=@@CHARACTER_SET_CLIENT */;
/*!40101 SET @OLD_CHARACTER_SET_RESULTS=@@CHARACTER_SET_RESULTS */;
/*!40101 SET @OLD_COLLATION_CONNECTION=@@COLLATION_CONNECTION */;
/*!40101 SET NAMES utf8mb4 */;

--
-- Database: `gantt`
--

-- --------------------------------------------------------

--
-- Table structure for table `adminproject`
--

CREATE TABLE IF NOT EXISTS `adminproject` (
  `id` int(11) NOT NULL,
  `userId` int(11) NOT NULL,
  `projectId` int(11) NOT NULL,
  `access` bit(2) NOT NULL
) ENGINE=InnoDB DEFAULT CHARSET=utf8 COLLATE=utf8_persian_ci COMMENT='relation between user admins and projects';

-- --------------------------------------------------------

--
-- Table structure for table `groups`
--

CREATE TABLE IF NOT EXISTS `groups` (
  `id` int(11) NOT NULL,
  `projectId` int(11) NOT NULL,
  `prev` int(11) NOT NULL,
  `name` varchar(100) COLLATE utf8_persian_ci NOT NULL,
  `progress` datetime NOT NULL,
  `color` varchar(25) COLLATE utf8_persian_ci NOT NULL,
  `place` varchar(100) COLLATE utf8_persian_ci NOT NULL,
  `description` text COLLATE utf8_persian_ci NOT NULL
) ENGINE=InnoDB AUTO_INCREMENT=57 DEFAULT CHARSET=utf8 COLLATE=utf8_persian_ci COMMENT='table group of tasks';

--
-- Dumping data for table `groups`
--

INSERT INTO `groups` (`id`, `projectId`, `prev`, `name`, `progress`, `color`, `place`, `description`) VALUES
(2, 4, 3, 'فاز تجزیه و تحلیل', '0000-00-00 00:00:00', '', '', ''),
(3, 4, 0, 'طراحی', '0000-00-00 00:00:00', '', '', ''),
(4, 24, 0, 'fdsfdsafdsaf', '0000-00-00 00:00:00', '', '', ''),
(12, 25, 0, 'گروه1', '0000-00-00 00:00:00', '', '', ''),
(15, 25, 12, 'ssss2', '0000-00-00 00:00:00', '', '', ''),
(17, 1, 0, 'tasks2', '0000-00-00 00:00:00', '', '', ''),
(18, 0, 0, 'گروه1', '0000-00-00 00:00:00', '', '', ''),
(19, 26, 0, 'گروه1', '0000-00-00 00:00:00', '', '', ''),
(20, 27, 0, 'گروه1', '0000-00-00 00:00:00', '', '', ''),
(21, 28, 0, 'گروه1', '0000-00-00 00:00:00', '', '', ''),
(28, 28, 21, 'گروه ۲', '0000-00-00 00:00:00', '', '', ''),
(36, 27, 20, 'گروه۳', '0000-00-00 00:00:00', '', '', ''),
(37, 27, 36, 'گروه۴', '0000-00-00 00:00:00', '', '', ''),
(38, 29, 0, 'گروه1', '0000-00-00 00:00:00', '', '', ''),
(39, 30, 0, 'گروه1', '0000-00-00 00:00:00', '', '', ''),
(40, 31, 0, '', '0000-00-00 00:00:00', '', '', ''),
(41, 32, 0, '', '0000-00-00 00:00:00', '', '', ''),
(42, 33, 0, '', '0000-00-00 00:00:00', '', '', ''),
(43, 34, 0, 'گروه1', '0000-00-00 00:00:00', '', '', ''),
(44, 35, 45, 'گروه1dd1', '0000-00-00 00:00:00', '', '', ''),
(45, 35, 0, 'طراحی موکاپ', '0000-00-00 00:00:00', '', '', ''),
(46, 35, 47, 'گروه۳', '0000-00-00 00:00:00', '', '', ''),
(47, 35, 50, 'گروه۴', '0000-00-00 00:00:00', '', '', ''),
(48, 35, 46, 'گروه ۵', '0000-00-00 00:00:00', '', '', ''),
(49, 35, 44, 'fsdafdasa', '0000-00-00 00:00:00', '', '', ''),
(50, 35, 49, 'گروه ۲/۱', '0000-00-00 00:00:00', '', '', ''),
(51, 36, 0, 'گروه1', '0000-00-00 00:00:00', '', '', ''),
(52, 37, 56, 'توسعه', '0000-00-00 00:00:00', '', '', ''),
(53, 37, 0, 'طراحی', '0000-00-00 00:00:00', '', '', ''),
(54, 37, 52, 'اپ', '0000-00-00 00:00:00', '', '', ''),
(55, 37, 54, 'PSD', '0000-00-00 00:00:00', '', '', ''),
(56, 37, 53, 'تحلیل', '0000-00-00 00:00:00', '', '', '');

-- --------------------------------------------------------

--
-- Table structure for table `permitions`
--

CREATE TABLE IF NOT EXISTS `permitions` (
  `id` int(11) NOT NULL,
  `name` varchar(200) COLLATE utf8_persian_ci NOT NULL,
  `rules` int(11) NOT NULL,
  `creatorId` int(11) NOT NULL
) ENGINE=InnoDB AUTO_INCREMENT=4 DEFAULT CHARSET=utf8 COLLATE=utf8_persian_ci;

--
-- Dumping data for table `permitions`
--

INSERT INTO `permitions` (`id`, `name`, `rules`, `creatorId`) VALUES
(1, 'ایجاد کار', 1, 33),
(2, '111111', 48734175, 33),
(3, 'دسترسی کارمند', 171096, 33);

-- --------------------------------------------------------

--
-- Table structure for table `projectresource`
--

CREATE TABLE IF NOT EXISTS `projectresource` (
  `id` int(11) NOT NULL,
  `projectId` int(11) NOT NULL,
  `name` varchar(200) COLLATE utf8_persian_ci NOT NULL
) ENGINE=InnoDB AUTO_INCREMENT=28 DEFAULT CHARSET=utf8 COLLATE=utf8_persian_ci;

--
-- Dumping data for table `projectresource`
--

INSERT INTO `projectresource` (`id`, `projectId`, `name`) VALUES
(15, 4, 'منبع 1'),
(16, 4, 'منبع 2'),
(18, 4, 'منبع شماره 4'),
(27, 27, 'aaaaa');

-- --------------------------------------------------------

--
-- Table structure for table `projects`
--

CREATE TABLE IF NOT EXISTS `projects` (
  `id` int(11) NOT NULL,
  `name` varchar(100) COLLATE utf8_persian_ci NOT NULL,
  `startDate` datetime NOT NULL,
  `endDate` datetime NOT NULL,
  `text` text COLLATE utf8_persian_ci NOT NULL,
  `w1` tinyint(1) NOT NULL,
  `w2` tinyint(1) NOT NULL,
  `w3` tinyint(1) NOT NULL,
  `w4` tinyint(1) NOT NULL,
  `w5` tinyint(1) NOT NULL,
  `w6` tinyint(1) NOT NULL,
  `w7` tinyint(1) NOT NULL
) ENGINE=InnoDB AUTO_INCREMENT=38 DEFAULT CHARSET=utf8 COLLATE=utf8_persian_ci COMMENT='table of projects admin user defined';

--
-- Dumping data for table `projects`
--

INSERT INTO `projects` (`id`, `name`, `startDate`, `endDate`, `text`, `w1`, `w2`, `w3`, `w4`, `w5`, `w6`, `w7`) VALUES
(1, 'crm espida', '2015-07-01 00:00:00', '0000-00-00 00:00:00', 'ey baba az daste in hamed o mamad das ro delam nazaaaaar kekhone!!\n', 1, 1, 1, 1, 1, 0, 0),
(2, 'gantt khodamm', '0000-00-00 00:00:00', '0000-00-00 00:00:00', 'همین که اوکی بشه لااقل یه نمونه کار دارم \n...!!!', 0, 0, 0, 0, 0, 0, 0),
(3, 'fdsa', '0000-00-00 00:00:00', '0000-00-00 00:00:00', '', 0, 0, 0, 0, 0, 0, 0),
(4, 'gantt', '0000-00-00 00:00:00', '0000-00-00 00:00:00', 'fdfeee fea fea ', 0, 0, 0, 0, 0, 0, 0),
(5, 'ganttf', '0000-00-00 00:00:00', '0000-00-00 00:00:00', 'fds', 0, 0, 0, 0, 0, 0, 0),
(6, 'اندروید سفید پوش', '0000-00-00 00:00:00', '0000-00-00 00:00:00', 'اندی هم که خوابیده پروژش', 0, 0, 0, 0, 0, 0, 0),
(7, 'اندروید سفید پوشه', '0000-00-00 00:00:00', '0000-00-00 00:00:00', 'اندی هم که خوابیده پروژش', 0, 0, 0, 0, 0, 0, 0),
(8, 'پروژه', '0000-00-00 00:00:00', '0000-00-00 00:00:00', 'جدید', 0, 0, 0, 0, 0, 0, 0),
(9, 'گانت من', '0000-00-00 00:00:00', '0000-00-00 00:00:00', 'گانت منه دیگه', 0, 0, 0, 0, 0, 0, 0),
(10, 'qwer', '0000-00-00 00:00:00', '0000-00-00 00:00:00', 'qwer', 0, 0, 0, 0, 0, 0, 0),
(11, 'fsafadf', '0000-00-00 00:00:00', '0000-00-00 00:00:00', 'fdsadfad', 0, 0, 0, 0, 0, 0, 0),
(12, 'fdsfeffeefe', '0000-00-00 00:00:00', '0000-00-00 00:00:00', 'fefafeafsd', 0, 0, 0, 0, 0, 0, 0),
(13, 'ffffffff', '0000-00-00 00:00:00', '0000-00-00 00:00:00', 'fefafeafsd', 0, 0, 0, 0, 0, 0, 0),
(14, 'ffff', '0000-00-00 00:00:00', '0000-00-00 00:00:00', 'fffff', 0, 0, 0, 0, 0, 0, 0),
(15, 'project', '0000-00-00 00:00:00', '0000-00-00 00:00:00', 'aa', 0, 0, 0, 0, 0, 0, 0),
(16, 'project1', '0000-00-00 00:00:00', '0000-00-00 00:00:00', 'project', 0, 0, 0, 0, 0, 0, 0),
(17, 'prj-test1', '0000-00-00 00:00:00', '0000-00-00 00:00:00', 'test avalin bar baraye tik zadane anjam shode ha', 0, 0, 0, 0, 0, 0, 0),
(18, 'myNewProject', '0000-00-00 00:00:00', '0000-00-00 00:00:00', 'اولین پروژه تست کاربر i', 0, 0, 0, 0, 0, 0, 0),
(19, 'secound project of i usee', '0000-00-00 00:00:00', '0000-00-00 00:00:00', 'it is 2 prj from i user', 0, 0, 0, 0, 0, 0, 0),
(20, 'ششش', '0000-00-00 00:00:00', '0000-00-00 00:00:00', 'شششش', 0, 0, 0, 0, 0, 0, 0),
(21, 'hassanprj1', '0000-00-00 00:00:00', '0000-00-00 00:00:00', 'test va dorost kardane bekhshe user ha', 0, 0, 0, 0, 0, 0, 0),
(22, 'projemoror', '0000-00-00 00:00:00', '0000-00-00 00:00:00', '6/22', 0, 0, 0, 0, 0, 0, 0),
(23, 'test vase taghirat nahaei', '0000-00-00 00:00:00', '0000-00-00 00:00:00', '6/22 6:11am', 0, 0, 0, 0, 0, 0, 0),
(24, 'test darj ba id', '0000-00-00 00:00:00', '0000-00-00 00:00:00', 'baleee', 0, 0, 0, 0, 0, 0, 0),
(25, 'test group jadid', '0000-00-00 00:00:00', '0000-00-00 00:00:00', '6/22 7', 0, 0, 0, 0, 0, 0, 0),
(27, 'gantt1', '2015-07-01 00:00:00', '2016-09-01 00:00:00', 'fdsfdsfsafsaafsda', 0, 0, 0, 0, 0, 0, 0),
(28, 'gmail project', '2015-09-27 00:00:00', '2015-11-30 00:00:00', 'hassan_shojaei@gmail.com این پروژه را ساخته است... برای تست ایجاد پروژه و دعوت از دیگران و دیدن تاثیر آن در صفحه مدیریت پروژه های کسانی که دعوت شده اند...', 0, 0, 0, 0, 0, 0, 0),
(29, 'بیسش', '2016-02-11 00:00:00', '2016-04-13 00:00:00', 'بیسشب', 0, 0, 0, 0, 0, 0, 0),
(30, 'prj', '2016-01-10 00:00:00', '2016-03-12 00:00:00', 'prj', 0, 0, 0, 0, 0, 0, 0),
(34, 'secret lab', '2016-01-29 00:00:00', '2016-03-31 00:00:00', 'secret', 0, 0, 0, 0, 0, 0, 0),
(35, 'hassan', '2016-02-02 00:00:00', '2016-04-04 00:00:00', '', 0, 0, 0, 0, 0, 0, 0),
(37, 'آقای گانت', '2016-02-12 00:00:00', '2018-04-19 00:00:00', '', 0, 0, 0, 0, 0, 0, 0);

-- --------------------------------------------------------

--
-- Table structure for table `projectuser`
--

CREATE TABLE IF NOT EXISTS `projectuser` (
  `id` int(11) NOT NULL,
  `projectId` int(11) NOT NULL,
  `userId` int(11) NOT NULL,
  `text` text COLLATE utf8_persian_ci NOT NULL,
  `permitionId` int(1) NOT NULL
) ENGINE=InnoDB AUTO_INCREMENT=112 DEFAULT CHARSET=utf8 COLLATE=utf8_persian_ci;

--
-- Dumping data for table `projectuser`
--

INSERT INTO `projectuser` (`id`, `projectId`, `userId`, `text`, `permitionId`) VALUES
(54, 27, 33, '', 0),
(56, 28, 69, '', 0),
(57, 28, 33, 'سلام... gmail هستم.\nشما را به پروژه gmail project در وب سایت گانت چارت فارسی به همکاری دعوت میکنم.', -1),
(61, 28, 39, 'سلام... gmail user هستم.\nشما را به پروژه gmail project در وب سایت گانت چارت فارسی به همکاری دعوت میکنم.', 1),
(80, 27, 45, 'سلام... yahoo user هستم.\nشما را به پروژه gantt1 در وب سایت گانت چارت فارسی به همکاری دعوت میکنم.', 2),
(81, 27, 69, 'سلام... yahoo user هستم.\nشما را به پروژه gantt1 در وب سایت گانت چارت فارسی به همکاری دعوت میکنم.', 2),
(82, 27, 46, 'سلام... yahoo user هستم.\nشما را به پروژه gantt1 در وب سایت گانت چارت فارسی به همکاری دعوت میکنم.', 1),
(83, 29, 33, '', 0),
(84, 30, 17, '', 0),
(85, 31, 0, '', 0),
(86, 32, 0, '', 0),
(87, 33, 0, '', 0),
(88, 34, 33, '', 0),
(89, 35, 111, '', 0),
(101, 35, 110, 'سلام hassan هستم.\nشما را به پروژه hassan در وب سایت گانت چارت به همکاری دعوت میکنم.', 1),
(102, 35, 112, 'سلام عزیزم !\nتو آی تی مای تیم/ گانت itmyteam.com/gantt خودت برو ثبت نام کن و یه پروژه هم بساز سکرت لب و کارهای اولیه رو ادد کن لطفا با متشکر :P\n  بخش پروژه ها: \nhttp://127.0.0.1/gantt/ganttmanager', 1),
(105, 35, 33, 'سلام hassan هستم.\nشما را به پروژه hassan در وب سایت گانت چارت به همکاری دعوت میکنم.', -1),
(106, 36, 33, '', 0),
(107, 37, 33, '', 0),
(108, 37, 71, 'سلام yahoo user هستم.\nشما را به پروژه آقای گانت در وب سایت آقای گانت به همکاری دعوت میکنم.', -1),
(109, 37, 45, 'سلام yahoo user هستم.\nشما را به پروژه آقای گانت در وب سایت آقای گانت به همکاری دعوت میکنم.', 3),
(110, 37, 43, 'سلام حسن شجاعی هستم.\nشما را به پروژه آقای گانت در وب سایت آقای گانت به همکاری دعوت میکنم.', -1),
(111, 37, 42, 'سلام حسن شجاعی هستم.\nشما را به پروژه آقای گانت در وب سایت آقای گانت به همکاری دعوت میکنم.', -1);

-- --------------------------------------------------------

--
-- Table structure for table `taskcomment`
--

CREATE TABLE IF NOT EXISTS `taskcomment` (
  `id` int(11) NOT NULL,
  `taskId` int(11) NOT NULL,
  `userId` int(11) NOT NULL,
  `userEmail` varchar(100) COLLATE utf8_persian_ci NOT NULL,
  `userName` varchar(100) COLLATE utf8_persian_ci NOT NULL,
  `percent` int(3) NOT NULL,
  `comment` text COLLATE utf8_persian_ci NOT NULL,
  `cdate` timestamp NOT NULL DEFAULT CURRENT_TIMESTAMP,
  `intTime` int(11) NOT NULL
) ENGINE=InnoDB AUTO_INCREMENT=124 DEFAULT CHARSET=utf8 COLLATE=utf8_persian_ci;

--
-- Dumping data for table `taskcomment`
--

INSERT INTO `taskcomment` (`id`, `taskId`, `userId`, `userEmail`, `userName`, `percent`, `comment`, `cdate`, `intTime`) VALUES
(17, 140, 0, 'hassan_shojaei@yahoo.com', 'hassan1', 1, 'شش', '2015-06-24 10:46:18', 0),
(18, 140, 0, 'hassan_shojaei@yahoo.com', 'hassan1', 1, 'ششش', '2015-06-24 06:46:35', 0),
(19, 140, 0, 'hassan_shojaei@yahoo.com', 'hassan1', 1, 'ثثبش', '2015-06-24 06:46:49', 0),
(20, 140, 0, 'hassan_shojaei@yahoo.com', 'hassan1', 1, 'بثبث', '2015-06-24 06:46:52', 0),
(21, 140, 0, 'hassan_shojaei@yahoo.com', 'hassan1', 23, 'ششششششش', '2015-06-24 07:03:39', 0),
(22, 140, 0, 'hassan_shojaei@yahoo.com', 'hassan1', 23, 'ثقثقثقثقق', '2015-06-24 07:03:42', 0),
(23, 140, 0, 'hassan_shojaei@yahoo.com', 'hassan1', 23, 'قضقثصضقصضقصثق', '2015-06-24 01:03:45', 0),
(25, 127, 0, 'hassan_shojaei@yahoo.com', 'hassan1', 1, 'aaaa', '2015-06-27 02:26:42', 0),
(26, 126, 0, 'hassan_shojaei@yahoo.com', 'hassan1', 1, 'aaaa', '2015-06-27 02:28:13', 0),
(29, 134, 0, 'hassan_shojaei@yahoo.com', 'hassan1', 1, 'aaaee', '2015-06-27 02:55:10', 0),
(75, 135, 0, 'hassan_shojaei@yahoo.comd', 'hassan1222', 1, 'fff', '2015-06-27 04:54:14', 1435380854),
(82, 125, 0, 'hassan_shojaei@yahoo.com', 'hassan1', 100, 'haaa\n', '2015-06-30 00:55:56', 1435625756),
(83, 125, 0, 'hassan_shojaei@yahoo.com', 'hassan1', 100, 'aaa\nbbb', '2015-06-30 02:30:59', 1435631459),
(87, 125, 0, 'hassan_shojaei@yahoo.com', 'hassan1', 65, 'haaaa', '2015-06-30 06:58:27', 1435647507),
(88, 125, 0, 'hassan_shojaei@yahoo.com', 'hassan1', 65, 'che bahaleee\n', '2015-06-30 06:58:33', 1435647513),
(96, 136, 0, 'hassan_shojaei@yahoo.com', 'hassan1', 49, 'd', '2015-07-01 00:59:45', 1435712385),
(99, 136, 0, 'hassan_shojaei@yahoo.com', 'hassan1', 49, 'aaaa', '2015-07-01 01:04:44', 1435712684),
(100, 136, 0, 'hassan_shojaei@yahoo.com', 'hassan1', 11, '1', '2015-07-05 19:14:59', 1436123699),
(103, 136, 0, 'hassan_shojaei@yahoo.com', 'hassan1', 29, '2', '2015-07-05 19:15:38', 1436123738),
(104, 136, 0, 'hassan_shojaei@yahoo.com', 'hassan1', 61, '3', '2015-07-05 19:15:49', 1436123749),
(105, 136, 0, 'hassan_shojaei@yahoo.com', 'hassan1', 98, '4', '2015-07-05 19:15:59', 1436123759),
(106, 136, 0, 'hassan_shojaei@yahoo.com', 'hassan1', 100, '5', '2015-07-05 19:22:04', 1436124124),
(107, 136, 0, 'hassan_shojaei@yahoo.com', 'hassan1', 2, '0\n', '2015-07-05 19:28:44', 1436124524),
(111, 135, 0, 'hassan_shojaei@yahoo.com', 'hassan1', 67, 'من برای تو میخونم هنوز از این ور دیوار هرجای قصه که هستی خاطره ها تو نگه دار... همیشه آخر قصه یکی راهی شده رفته یکی مبهوته و نه این که مونده میخنده شاید اینجوری قسمت بود چی میشه بی تو آینده!!......من برای تو میخونم هنوز از این ور دیوار هرجای قصه که هستی خاطره ها تو نگه دار... همیشه آخر قصه یکی راهی شده رفته یکی مبهوته و نه این که مونده میخنده شاید اینجوری قسمت بود چی میشه بی تو آینده!!......', '2015-07-15 04:08:38', 1436933318),
(112, 135, 0, 'hassan_shojaei@yahoo.com', 'hassan1', 89, 'من برای تو میخونم هنوز از این ور دیوار هرجای قصه که هستی خاطره ها تو نگه دار... همیشه آخر قصه یکی راهی شده رفته یکی مبهوته و نه این که مونده میخنده شاید اینجوری قسمت بود چی میشه بی تو آینده!!......', '2015-07-15 04:08:52', 1436933332),
(113, 135, 0, 'hassan_shojaei@yahoo.com', 'hassan1', 89, 'من برای تو میخونم هنوز از این ور دیوار هرجای قصه که هستی خاطره ها تو نگه دار... همیشه آخر قصه یکی راهی شده رفته ', '2015-07-15 22:23:05', 1436998985),
(116, 205, 0, 'hassan_shojaei@yahoo.com', 'yahoo user', 27, 'aaa\n', '2015-10-05 10:21:48', 1444040508),
(117, 205, 0, 'hassan_shojaei@yahoo.com', 'yahoo user', 27, 'aaaaa', '2015-10-06 08:09:14', 1444118954),
(118, 205, 0, 'hassan_shojaei@yahoo.com', 'yahoo user', 58, 'bbb\n', '2015-10-06 08:11:27', 1444119087),
(119, 205, 0, 'hassan_shojaei@yahoo.com', 'yahoo user', 58, 'aaaa', '2015-10-06 08:12:46', 1444119166),
(120, 236, 0, 'hassan_shojaei@yahoo.com', 'yahoo user', 88, 'aaa', '2015-10-08 07:06:48', 1444288008),
(121, 380, 111, 'hassan_shojaei38@yahoo.com', 'hassan', 48, 'کامنتت', '2016-02-08 12:46:31', 1454935590),
(122, 380, 111, 'hassan_shojaei38@yahoo.com', 'hassan', 48, 'کامنت۲۲۲۲\n', '2016-02-08 12:47:15', 1454935635),
(123, 380, 111, 'hassan_shojaei38@yahoo.com', 'hassan', 48, 'hhh', '2016-02-08 13:20:05', 1454937605);

-- --------------------------------------------------------

--
-- Table structure for table `taskresource`
--

CREATE TABLE IF NOT EXISTS `taskresource` (
  `id` int(11) NOT NULL,
  `taskId` int(11) NOT NULL,
  `resourceId` int(11) NOT NULL
) ENGINE=InnoDB AUTO_INCREMENT=9 DEFAULT CHARSET=utf8 COLLATE=utf8_persian_ci;

--
-- Dumping data for table `taskresource`
--

INSERT INTO `taskresource` (`id`, `taskId`, `resourceId`) VALUES
(5, 134, 16),
(6, 134, 17),
(1, 137, 15),
(2, 137, 16),
(8, 147, 17),
(7, 154, 15);

-- --------------------------------------------------------

--
-- Table structure for table `tasks`
--

CREATE TABLE IF NOT EXISTS `tasks` (
  `id` int(11) NOT NULL,
  `prev` int(11) NOT NULL,
  `groupId` int(11) NOT NULL,
  `type` tinyint(1) NOT NULL,
  `name` varchar(100) COLLATE utf8_persian_ci NOT NULL,
  `marginRight` int(11) NOT NULL,
  `width` int(11) NOT NULL,
  `startDate` datetime NOT NULL,
  `endDate` datetime NOT NULL,
  `percent` int(3) NOT NULL,
  `color` int(11) NOT NULL,
  `description` text COLLATE utf8_persian_ci NOT NULL,
  `users` varchar(1000) COLLATE utf8_persian_ci NOT NULL,
  `commentCount` int(11) NOT NULL,
  `newCommentState` tinyint(1) NOT NULL,
  `newCommentTime` int(11) NOT NULL
) ENGINE=InnoDB AUTO_INCREMENT=435 DEFAULT CHARSET=utf8 COLLATE=utf8_persian_ci COMMENT='table of tasks';

--
-- Dumping data for table `tasks`
--

INSERT INTO `tasks` (`id`, `prev`, `groupId`, `type`, `name`, `marginRight`, `width`, `startDate`, `endDate`, `percent`, `color`, `description`, `users`, `commentCount`, `newCommentState`, `newCommentTime`) VALUES
(13, 0, 4, 0, 'new name', 4579, 295, '1394-04-17 00:00:00', '1394-04-24 00:00:00', 100, 0, '', 'hassan1• مهدی', 0, 0, 1435367515),
(40, 0, 3, 0, 'طراحی طراحی', 4453, 127, '1394-04-14 00:00:00', '1394-04-17 00:00:00', 59, 0, '', 'حسن', 0, 1, 1435374619),
(72, 0, 15, 0, '2', -1423, 50, '1394-01-08 00:00:00', '1394-01-09 00:00:00', 9, 0, '', '', 0, 0, 0),
(73, 72, 15, 0, '2', -1423, 197, '1394-01-08 00:00:00', '1394-01-12 00:00:00', 12, 0, '', '', 0, 0, 0),
(74, 73, 15, 0, '222', -1196, 190, '0000-00-00 00:00:00', '0000-00-00 00:00:00', 2, 0, '', '', 0, 0, 0),
(126, 149, 2, 0, 'fdsafds', 4789, 169, '1394-04-15 00:00:00', '1394-04-19 00:00:00', 27, 0, '', '', 0, 1, 1435372093),
(127, 172, 3, 0, 'تحلیلاته', 4789, 85, '1394-04-22 00:00:00', '1394-04-24 00:00:00', 12, 0, '', 'hassan1• حمید• فرهاد', 0, 0, 0),
(134, 135, 3, 0, 'afdsfas', 4747, 127, '1394-04-18 00:00:00', '1394-04-21 00:00:00', 68, 0, '', 'حسن• dddd•• منبع 2• منبع 3', 0, 1, 1435373710),
(135, 169, 3, 0, 'hhشش', 4579, 169, '1394-04-17 00:00:00', '1394-04-21 00:00:00', 89, 0, '', 'dddd• hassan3', 0, 1, 1436998985),
(136, 40, 3, 0, 'طراحی فاز000', 4495, 169, '1394-04-15 00:00:00', '1394-04-19 00:00:00', 100, 0, '', 'hassan1• مهدی', 0, 1, 1436124524),
(137, 134, 3, 0, 'طراحی فاز2', 4873, 127, '1394-04-22 00:00:00', '1394-04-25 00:00:00', 31, 0, '', '•• منبع 1• منبع 2', 0, 0, 0),
(140, 0, 12, 0, 'شش', 4705, 50, '1394-04-04 00:00:00', '1394-04-05 00:00:00', 23, 0, '', '', 0, 0, 0),
(141, 140, 12, 0, 'شششش', 4754, 99, '1394-04-05 00:00:00', '1394-04-07 00:00:00', 33, 0, '', '', 0, 0, 0),
(142, 141, 12, 0, 'ششششش', 4852, 148, '1394-04-07 00:00:00', '1394-04-10 00:00:00', 25, 0, '', '', 0, 0, 0),
(143, 0, 21, 0, 'شششششش', 4999, 246, '1394-04-10 00:00:00', '1394-04-15 00:00:00', 1, 0, '', '', 0, 0, 0),
(146, 126, 2, 0, 'fdsf', 4999, 85, '1394-04-15 00:00:00', '1394-04-17 00:00:00', 73, 0, '', '', 0, 0, 0),
(147, 181, 2, 0, 'fdsa', 5041, 43, '1394-04-16 00:00:00', '1394-04-17 00:00:00', 1, 0, '', '', 0, 0, 0),
(148, 147, 2, 0, 'fds', 5083, 43, '1394-04-17 00:00:00', '1394-04-18 00:00:00', 1, 0, '', '', 0, 0, 0),
(149, 156, 2, 0, 'fadf', 5125, 43, '1394-04-18 00:00:00', '1394-04-19 00:00:00', 1, 0, '', '', 0, 0, 0),
(154, 148, 2, 0, 'fa', 5124, 85, '1394-04-21 00:00:00', '1394-04-23 00:00:00', 1, 0, '', '', 0, 0, 0),
(156, 0, 2, 0, 'fds', 4747, 127, '1394-04-21 00:00:00', '1394-04-24 00:00:00', 1, 0, '', '', 0, 0, 0),
(169, 136, 3, 0, 'اااا', 4537, 169, '1394-04-16 00:00:00', '1394-04-20 00:00:00', 1, 0, '', 'حسن', 0, 0, 0),
(171, 127, 3, 0, 'rrrrrrrrrrrrrrrrrrrrrrrrrrrrrrr', 4915, 169, '1394-04-25 00:00:00', '1394-04-29 00:00:00', 82, 0, '', '', 0, 0, 0),
(172, 135, 3, 0, 'eee', 4705, 169, '1394-04-20 00:00:00', '1394-04-24 00:00:00', 56, 0, '', '', 0, 0, 0),
(181, 146, 2, 0, 'fdsaf', 4873, 631, '1394-04-24 00:00:00', '1394-05-08 00:00:00', 1, 0, '', '', 0, 0, 0),
(184, 0, 17, 0, 'aaa', 4453, 337, '1394-04-13 00:00:00', '1394-04-21 00:00:00', 44, 0, '', '', 0, 0, 0),
(185, 13, 4, 0, 'شبیسش', 4747, 337, '1394-04-21 00:00:00', '1394-04-29 00:00:00', 39, 0, '', '', 0, 0, 0),
(186, 171, 3, 0, 'fds', 4621, 211, '1394-04-18 00:00:00', '1394-04-23 00:00:00', 1, 0, '', '', 0, 0, 0),
(187, 186, 3, 0, 'fdsa', 4831, 43, '1394-04-23 00:00:00', '1394-04-24 00:00:00', 1, 0, '', '', 0, 0, 0),
(188, 187, 3, 1, 'aaaaaaaaaaaaaaaaaaaa', 4873, 43, '1394-04-24 00:00:00', '1394-04-25 00:00:00', 0, 0, '', '', 0, 0, 0),
(189, 188, 3, 1, 'مایلی من', 0, 0, '0000-00-00 00:00:00', '0000-00-00 00:00:00', 1, 0, '', '', 0, 0, 0),
(190, 189, 3, 1, 'مایلی جیگرم', 4915, 43, '1394-04-25 00:00:00', '1394-04-26 00:00:00', 1, 0, '', '', 0, 0, 0),
(191, 190, 3, 1, 'مایلی عسلم!!!', 0, 0, '0000-00-00 00:00:00', '0000-00-00 00:00:00', 1, 0, '', '', 0, 0, 0),
(192, 201, 3, 1, 'مایلیییییی جوووووون', 4873, 43, '1394-04-24 00:00:00', '1394-04-25 00:00:00', 1, 0, '', '', 0, 0, 0),
(193, 191, 3, 1, 'آره مایلی', 0, 0, '0000-00-00 00:00:00', '0000-00-00 00:00:00', 1, 0, '', '', 0, 0, 0),
(194, 193, 3, 1, 'هاان', 4453, 43, '1394-04-14 00:00:00', '1394-04-15 00:00:00', 0, 0, '', '', 0, 0, 0),
(195, 194, 3, 1, 'درست شو', 0, 0, '0000-00-00 00:00:00', '0000-00-00 00:00:00', 1, 0, '', '', 0, 0, 0),
(196, 195, 3, 1, 'آره همینه', 0, 0, '0000-00-00 00:00:00', '0000-00-00 00:00:00', 1, 0, '', '', 0, 0, 0),
(197, 196, 3, 1, 'دیدی', 4873, 43, '1394-04-24 00:00:00', '1394-04-25 00:00:00', 0, 0, '', '', 0, 0, 0),
(198, 197, 3, 0, 'چه باحالی یره...', 4579, 421, '1394-04-17 00:00:00', '1394-04-27 00:00:00', 0, 0, '', '', 0, 0, 0),
(199, 198, 3, 0, 'کار دارم', 5041, 43, '1394-04-28 00:00:00', '1394-04-29 00:00:00', 1, 0, '', '', 0, 0, 0),
(200, 199, 3, 0, 'ی', 4621, 211, '1394-04-18 00:00:00', '1394-04-23 00:00:00', 38, 0, '', '', 0, 0, 0),
(201, 200, 3, 1, 'ای بابا مایلی', 0, 0, '0000-00-00 00:00:00', '0000-00-00 00:00:00', 1, 0, '', '', 0, 0, 0),
(209, 40, 3, 0, 'طراحی فاز2', 4495, 169, '1394-04-15 00:00:00', '1394-04-19 00:00:00', 100, 0, '', 'hassan1• مهدی', 0, 1, 1436124524),
(210, 40, 3, 0, 'طراحی فاز000000\r\n', 4495, 169, '1394-04-15 00:00:00', '1394-04-19 00:00:00', 100, 0, '', 'hassan1• مهدی', 0, 1, 1436124524),
(211, 0, 21, 0, 'جیمیل کار00000000000004', 463, 127, '1394-07-16 00:00:00', '1394-07-19 00:00:00', 1, 0, '', 'hassan1', 0, 0, 0),
(212, 211, 21, 0, 'جیمیل کار۱g0', 463, 43, '1394-07-16 00:00:00', '1394-07-17 00:00:00', 1, 0, '', '', 0, 0, 0),
(213, 214, 21, 0, 'gmail kar 20', 0, 0, '0000-00-00 00:00:00', '0000-00-00 00:00:00', 1, 0, '', '', 0, 0, 0),
(214, 212, 21, 1, 'جیمیل مایلی11', 0, 0, '0000-00-00 00:00:00', '0000-00-00 00:00:00', 1, 0, '', 'yahoo user', 0, 0, 0),
(268, 0, 37, 0, 'fdsa', 0, 0, '0000-00-00 00:00:00', '0000-00-00 00:00:00', 1, 0, '', '', 0, 0, 0),
(269, 341, 36, 0, 'fdsa', 8947, 85, '1394-08-18 00:00:00', '1394-08-20 00:00:00', 1, 0, '', '', 0, 0, 0),
(284, 342, 36, 0, 'fasd', 9325, 43, '1394-07-23 00:00:00', '1394-07-24 00:00:00', 1, 0, '', '', 0, 0, 0),
(290, 297, 36, 0, 'fdsa', 9115, 43, '1394-11-14 00:00:00', '1394-11-15 00:00:00', 1, 0, '', '', 0, 0, 0),
(294, 290, 36, 0, 'afdsa', 0, 0, '0000-00-00 00:00:00', '0000-00-00 00:00:00', 1, 0, '', '', 0, 0, 0),
(297, 337, 36, 0, 'fsdafdfd', 8905, 43, '1394-08-17 00:00:00', '1394-08-18 00:00:00', 1, 0, '', '', 0, 0, 0),
(298, 0, 36, 0, 'کار شماره ۱', 0, 0, '0000-00-00 00:00:00', '0000-00-00 00:00:00', 1, 0, '', '', 0, 0, 0),
(312, 336, 36, 0, 'fdsa', 8863, 43, '1394-08-16 00:00:00', '1394-08-17 00:00:00', 79, 0, '', '', 0, 0, 0),
(324, 323, 37, 0, 'd', 0, 0, '0000-00-00 00:00:00', '0000-00-00 00:00:00', 1, 0, '', '', 0, 0, 0),
(325, 324, 37, 0, 'dfdsa', 0, 0, '0000-00-00 00:00:00', '0000-00-00 00:00:00', 1, 0, '', '', 0, 0, 0),
(326, 325, 37, 0, 'dfdsas', 0, 0, '0000-00-00 00:00:00', '0000-00-00 00:00:00', 1, 0, '', '', 0, 0, 0),
(327, 326, 37, 0, 'dfdsassfa', 0, 0, '0000-00-00 00:00:00', '0000-00-00 00:00:00', 1, 0, '', '', 0, 0, 0),
(328, 343, 37, 0, 'fdsa', 0, 0, '0000-00-00 00:00:00', '0000-00-00 00:00:00', 1, 0, '', '', 0, 0, 0),
(329, 328, 37, 0, 'fsda', 0, 0, '0000-00-00 00:00:00', '0000-00-00 00:00:00', 1, 0, '', '', 0, 0, 0),
(330, 329, 37, 0, 'daf', 0, 0, '0000-00-00 00:00:00', '0000-00-00 00:00:00', 1, 0, '', '', 0, 0, 0),
(331, 2147483647, 37, 0, 'fda', 0, 0, '0000-00-00 00:00:00', '0000-00-00 00:00:00', 1, 0, '', '', 0, 0, 0),
(332, 331, 37, 0, 'fdafadsfdsa', 0, 0, '0000-00-00 00:00:00', '0000-00-00 00:00:00', 1, 0, '', '', 0, 0, 0),
(333, 332, 37, 0, 'fdafadsfdsada', 0, 0, '0000-00-00 00:00:00', '0000-00-00 00:00:00', 1, 0, '', '', 0, 0, 0),
(334, 333, 37, 0, 'fdafadsfdsadafs', 0, 0, '0000-00-00 00:00:00', '0000-00-00 00:00:00', 1, 0, '', '', 0, 0, 0),
(335, 2147483647, 37, 0, 'fdafadsfdsada', 0, 0, '0000-00-00 00:00:00', '0000-00-00 00:00:00', 1, 0, '', '', 0, 0, 0),
(336, 338, 36, 0, 'fsda', 0, 0, '0000-00-00 00:00:00', '0000-00-00 00:00:00', 1, 0, '', 'hassan3', 0, 0, 0),
(337, 269, 36, 0, 'aaaaaaaa', 8905, 43, '1394-08-17 00:00:00', '1394-08-18 00:00:00', 1, 0, '', '', 0, 0, 0),
(338, 284, 36, 0, 'sssssssssssss', 8989, 43, '1394-08-19 00:00:00', '1394-08-20 00:00:00', 1, 0, '', 'yahoo user', 0, 0, 0),
(339, 0, 20, 1, 'aaaassfdsafds fsaf safsaf a sadf af das fdsaf a', 5461, 43, '1394-08-17 00:00:00', '1394-08-18 00:00:00', 1, 0, '', '', 0, 0, 0),
(340, 339, 20, 1, 'fdsa', 5503, 43, '1394-08-18 00:00:00', '1394-08-19 00:00:00', 1, 0, '', '', 0, 0, 0),
(341, 312, 36, 1, 'fefe', 8989, 43, '1394-08-19 00:00:00', '1394-08-20 00:00:00', 1, 0, '', '', 0, 0, 0),
(342, 298, 36, 1, 'vcxvz', 8821, 43, '1394-08-15 00:00:00', '1394-08-16 00:00:00', 1, 0, '', '', 0, 0, 0),
(343, 268, 37, 1, 'dd', 5629, 43, '1394-08-21 00:00:00', '1394-08-22 00:00:00', 1, 0, '', '', 0, 0, 0),
(344, 330, 37, 0, 'fdsafdasfas ', 5839, 43, '1394-08-26 00:00:00', '1394-08-27 00:00:00', 1, 0, '', '', 0, 0, 0),
(345, 344, 37, 0, 'fdsaf', 0, 0, '0000-00-00 00:00:00', '0000-00-00 00:00:00', 1, 0, '', '', 0, 0, 0),
(346, 345, 37, 0, 'fsafe', 0, 0, '0000-00-00 00:00:00', '0000-00-00 00:00:00', 1, 0, '', '', 0, 0, 0),
(347, 346, 37, 0, 'eefe', 0, 0, '0000-00-00 00:00:00', '0000-00-00 00:00:00', 1, 0, '', '', 0, 0, 0),
(348, 347, 37, 0, 'feaffea', 0, 0, '0000-00-00 00:00:00', '0000-00-00 00:00:00', 1, 0, '', '', 0, 0, 0),
(349, 348, 37, 0, 'ea', 0, 0, '0000-00-00 00:00:00', '0000-00-00 00:00:00', 1, 0, '', '', 0, 0, 0),
(350, 349, 37, 0, 'eaf', 0, 0, '0000-00-00 00:00:00', '0000-00-00 00:00:00', 1, 0, '', '', 0, 0, 0),
(351, 350, 37, 0, 'fea', 0, 0, '0000-00-00 00:00:00', '0000-00-00 00:00:00', 1, 0, '', '', 0, 0, 0),
(352, 351, 37, 0, 'eafe', 0, 0, '0000-00-00 00:00:00', '0000-00-00 00:00:00', 1, 0, '', '', 0, 0, 0),
(353, 352, 37, 0, 'ef', 0, 0, '0000-00-00 00:00:00', '0000-00-00 00:00:00', 1, 0, '', '', 0, 0, 0),
(354, 2147483647, 37, 0, 'ea', 0, 0, '0000-00-00 00:00:00', '0000-00-00 00:00:00', 1, 0, '', '', 0, 0, 0),
(355, 354, 37, 0, 'eaeafae', 0, 0, '0000-00-00 00:00:00', '0000-00-00 00:00:00', 1, 0, '', '', 0, 0, 0),
(356, 355, 37, 0, 'eaeafaeafa', 0, 0, '0000-00-00 00:00:00', '0000-00-00 00:00:00', 1, 0, '', '', 0, 0, 0),
(357, 356, 37, 0, 'eaeafaeafaaafaffea', 0, 0, '0000-00-00 00:00:00', '0000-00-00 00:00:00', 1, 0, '', '', 0, 0, 0),
(358, 353, 37, 0, 'fdsa', 0, 0, '0000-00-00 00:00:00', '0000-00-00 00:00:00', 1, 0, '', '', 0, 0, 0),
(359, 358, 37, 0, 'fdfdsa', 0, 0, '0000-00-00 00:00:00', '0000-00-00 00:00:00', 1, 0, '', '', 0, 0, 0),
(360, 359, 37, 0, 'fdsafsa', 0, 0, '0000-00-00 00:00:00', '0000-00-00 00:00:00', 1, 0, '', '', 0, 0, 0),
(361, 360, 37, 0, 'fdsafe', 0, 0, '0000-00-00 00:00:00', '0000-00-00 00:00:00', 1, 0, '', '', 0, 0, 0),
(362, 361, 37, 0, 'fff', 0, 0, '0000-00-00 00:00:00', '0000-00-00 00:00:00', 1, 0, '', '', 0, 0, 0),
(363, 362, 37, 0, 'aaaa', 0, 0, '0000-00-00 00:00:00', '0000-00-00 00:00:00', 1, 0, '', '', 0, 0, 0),
(364, 363, 37, 0, 'fefe', 0, 0, '0000-00-00 00:00:00', '0000-00-00 00:00:00', 1, 0, '', '', 0, 0, 0),
(365, 364, 37, 0, 'feafeafe', 0, 0, '0000-00-00 00:00:00', '0000-00-00 00:00:00', 1, 0, '', '', 0, 0, 0),
(366, 365, 37, 0, 'feafeaf', 0, 0, '0000-00-00 00:00:00', '0000-00-00 00:00:00', 1, 0, '', '', 0, 0, 0),
(367, 366, 37, 0, 'feerwqrwq', 0, 0, '0000-00-00 00:00:00', '0000-00-00 00:00:00', 1, 0, '', '', 0, 0, 0),
(368, 367, 37, 0, 'fdsafsfasd', 0, 0, '0000-00-00 00:00:00', '0000-00-00 00:00:00', 1, 0, '', '', 0, 0, 0),
(369, 368, 37, 0, 'fdsafse', 0, 0, '0000-00-00 00:00:00', '0000-00-00 00:00:00', 1, 0, '', '', 0, 0, 0),
(370, 369, 37, 0, 'efaeaff', 0, 0, '0000-00-00 00:00:00', '0000-00-00 00:00:00', 1, 0, '', '', 0, 0, 0),
(371, 370, 37, 0, 'feafef', 0, 0, '0000-00-00 00:00:00', '0000-00-00 00:00:00', 1, 0, '', '', 0, 0, 0),
(380, 403, 49, 0, 'موکاپ11', 1219, 85, '1394-12-02 00:00:00', '1394-12-04 00:00:00', 48, 0, '', 'ghassan• hassan• yahoo user', 0, 1, 1454937605),
(381, 401, 44, 0, 'aaa', 883, 127, '1394-12-04 00:00:00', '1394-12-07 00:00:00', 79, 0, '', 'ghassan• yahoo user', 0, 0, 0),
(383, 387, 45, 0, 'کار جدید گروه۲ffی', 589, 253, '1394-11-19 00:00:00', '1394-12-03 00:00:00', 11, 0, '', '', 0, 0, 0),
(384, 0, 45, 0, 'کار جدی۱د گروه۲', 379, 169, '1394-11-14 00:00:00', '1394-11-26 00:00:00', 63, 0, '', '', 0, 0, 0),
(385, 0, 46, 0, 'کار۱', 0, 0, '0000-00-00 00:00:00', '0000-00-00 00:00:00', 1, 0, '', '', 0, 0, 0),
(386, 385, 46, 0, 'کار۲', 169, 463, '1394-11-20 00:00:00', '1394-12-01 00:00:00', 1, 0, '', '', 0, 0, 0),
(387, 384, 45, 0, 'fdsafsadfی', 505, 85, '1394-11-25 00:00:00', '1394-11-27 00:00:00', 68, 0, '', '', 0, 0, 0),
(388, 386, 46, 0, 'کار شماره 3', 0, 0, '0000-00-00 00:00:00', '0000-00-00 00:00:00', 1, 0, '', '', 0, 0, 0),
(389, 0, 48, 0, 'کار۱ddddddddddddddd fs a sd afdsf dsafdsaf asfsdaf asf', 0, 0, '0000-00-00 00:00:00', '0000-00-00 00:00:00', 1, 0, '', '', 0, 0, 0),
(390, 389, 48, 0, 'کار۲', 589, 127, '1394-11-16 00:00:00', '1394-11-30 00:00:00', 1, 0, '', '', 0, 0, 0),
(391, 390, 48, 0, 'کار۳', 0, 0, '0000-00-00 00:00:00', '0000-00-00 00:00:00', 1, 0, '', '', 0, 0, 0),
(392, 391, 48, 0, 'کار۴', 0, 0, '0000-00-00 00:00:00', '0000-00-00 00:00:00', 1, 0, '', '', 0, 0, 0),
(393, 392, 48, 0, 'کار۵', 0, 0, '0000-00-00 00:00:00', '0000-00-00 00:00:00', 1, 0, '', '', 0, 0, 0),
(394, 393, 48, 0, 'کار۶', 0, 0, '0000-00-00 00:00:00', '0000-00-00 00:00:00', 1, 0, '', '', 0, 0, 0),
(395, 394, 48, 0, 'کار۷', 0, 0, '0000-00-00 00:00:00', '0000-00-00 00:00:00', 1, 0, '', '', 0, 0, 0),
(396, 395, 48, 0, 'کار۸', 631, 127, '1394-11-17 00:00:00', '1394-11-20 00:00:00', 1, 0, '', '', 0, 0, 0),
(397, 396, 48, 0, 'کار۹', 799, 127, '1394-12-02 00:00:00', '1394-12-05 00:00:00', 1, 0, '', '', 0, 0, 0),
(398, 397, 48, 0, 'کار۱۰', 0, 0, '0000-00-00 00:00:00', '0000-00-00 00:00:00', 1, 0, '', '', 0, 0, 0),
(399, 398, 48, 0, 'کار۱۱', 0, 0, '0000-00-00 00:00:00', '0000-00-00 00:00:00', 1, 0, '', '', 0, 0, 0),
(400, 399, 48, 0, 'aaa', 0, 0, '0000-00-00 00:00:00', '0000-00-00 00:00:00', 1, 0, '', '', 0, 0, 0),
(401, 0, 44, 0, 'fdsafs', 757, 43, '1394-11-24 00:00:00', '1394-12-02 00:00:00', 1, 0, '', '', 0, 0, 0),
(402, 0, 49, 0, 'کار من', 1093, 43, '1394-11-29 00:00:00', '1394-11-30 00:00:00', 1, 0, '', '', 0, 0, 0),
(403, 402, 49, 0, 'کار حامد', 1135, 85, '1394-11-30 00:00:00', '1394-12-02 00:00:00', 1, 0, '', '', 0, 0, 0),
(404, 380, 49, 0, 'کار هیچکی!', 1303, 127, '1394-12-04 00:00:00', '1394-12-07 00:00:00', 1, 0, '', '', 0, 0, 0),
(405, 383, 45, 1, 'مایلی من', 715, 43, '1394-11-30 00:00:00', '1394-12-01 00:00:00', 1, 0, '', '', 0, 0, 0),
(406, 404, 49, 1, 'ییی', 1429, 43, '1394-12-07 00:00:00', '1394-12-08 00:00:00', 14, 0, '', '', 0, 0, 0),
(407, 381, 44, 1, 'مایلی', 967, 43, '1394-11-29 00:00:00', '1394-11-30 00:00:00', 1, 0, '', '', 0, 0, 0),
(408, 0, 52, 0, 'توسعه بخش زمانبندی', 1, 271, '1394-11-23 00:00:00', '1394-12-02 00:00:00', 66, 0, '', 'حسن', 0, 0, 0),
(409, 413, 52, 0, 'توسعه بخش لیست کارها', 211, 91, '1394-11-30 00:00:00', '1394-12-03 00:00:00', 38, 0, '', 'پیام', 0, 0, 0),
(410, 414, 52, 0, 'توابع ارسال ایمیل', 301, 121, '1394-12-03 00:00:00', '1394-12-07 00:00:00', 3, 0, '', 'بهروز', 0, 0, 0),
(411, 415, 52, 0, 'مدیریت خطاهای کاربران', 481, 31, '1394-12-04 00:00:00', '1394-12-05 00:00:00', 42, 0, '', 'حسن• پیام• بهروز', 0, 0, 0),
(412, 410, 52, 0, 'بخش دعوت از همکاران', 391, 61, '1394-11-30 00:00:00', '1394-12-02 00:00:00', 13, 0, '', 'حامد', 0, 0, 0),
(413, 408, 52, 0, 'سطوح دسترسی', 181, 91, '1394-11-29 00:00:00', '1394-12-02 00:00:00', 46, 0, '', 'حسن', 0, 0, 0),
(414, 409, 52, 0, 'بخش تخصیص افراد به منابع', 301, 31, '1394-12-03 00:00:00', '1394-12-04 00:00:00', 42, 0, '', 'پیام', 0, 0, 0),
(415, 412, 52, 0, 'جستجو های کار ها', 451, 31, '1394-12-03 00:00:00', '1394-12-04 00:00:00', 54, 0, '', 'حسن• پیام', 0, 0, 0),
(416, 0, 53, 0, 'طراحی اولیه', 91, 301, '1394-12-07 00:00:00', '1394-12-17 00:00:00', 7, 0, '', 'حامد• بهروز', 0, 0, 0),
(417, 416, 53, 0, 'موکاپ طرح اولیه', 211, 271, '1394-12-11 00:00:00', '1394-12-20 00:00:00', 10, 0, '', 'بهروز', 0, 0, 0),
(418, 423, 53, 0, 'طرح بخش زمانبندی ها', 481, 661, '1394-12-20 00:00:00', '1395-01-13 00:00:00', 4, 0, '', 'بهروز', 0, 0, 0),
(419, 418, 53, 0, 'طرح بخش لیست کارها', 601, 481, '1394-12-24 00:00:00', '1395-01-11 00:00:00', 7, 0, '', 'حامد', 0, 0, 0),
(420, 419, 53, 0, 'طرح مودال ها', 931, 121, '1394-12-21 00:00:00', '1394-12-25 00:00:00', 1, 0, '', 'حامد', 0, 0, 0),
(421, 420, 53, 0, 'طرح خطاهای رخ داده', 1051, 121, '1394-12-25 00:00:00', '1394-12-29 00:00:00', 1, 0, '', 'حامد', 0, 0, 0),
(422, 421, 53, 0, 'طرح بخش جستجو ها', 1081, 121, '1395-01-12 00:00:00', '1395-01-16 00:00:00', 1, 0, '', 'بهروز', 0, 0, 0),
(423, 417, 53, 0, 'طراحی صفحه اصلی', 391, 121, '1394-12-17 00:00:00', '1394-12-21 00:00:00', 8, 0, '', 'حامد', 0, 0, 0),
(424, 422, 53, 0, 'طراحی صفحات ثانویه بخش مدیریت', 1081, 271, '1394-12-26 00:00:00', '1395-01-06 00:00:00', 1, 0, '', 'حامد', 0, 0, 0),
(428, 0, 54, 0, 'طراحی اولیه', 0, 0, '0000-00-00 00:00:00', '0000-00-00 00:00:00', 1, 0, '', '', 0, 0, 0),
(431, 0, 56, 0, 'مدیریت تحلیل سیستم', 121, 1411, '1394-11-27 00:00:00', '1395-01-15 00:00:00', 1, 0, '', 'حمید', 0, 0, 0),
(432, 431, 56, 0, 'تحلیل بخش زمانبندی', 121, 361, '1394-11-27 00:00:00', '1394-12-09 00:00:00', 1, 0, '', '', 0, 0, 0),
(433, 432, 56, 0, 'تحلیل بخش دسترسی', 121, 361, '1394-11-27 00:00:00', '1394-12-09 00:00:00', 1, 0, '', '', 0, 0, 0),
(434, 433, 56, 0, 'تحلیل بخش جستجو ها', 121, 211, '1394-11-27 00:00:00', '1394-12-04 00:00:00', 1, 0, '', '', 0, 0, 0);

-- --------------------------------------------------------

--
-- Table structure for table `tasksfile`
--

CREATE TABLE IF NOT EXISTS `tasksfile` (
  `id` int(11) NOT NULL,
  `taskId` int(11) NOT NULL,
  `user` varchar(100) COLLATE utf8_persian_ci NOT NULL,
  `userName` varchar(100) COLLATE utf8_persian_ci NOT NULL,
  `oldName` varchar(300) COLLATE utf8_persian_ci NOT NULL,
  `newName` varchar(50) COLLATE utf8_persian_ci NOT NULL
) ENGINE=InnoDB AUTO_INCREMENT=59 DEFAULT CHARSET=utf8 COLLATE=utf8_persian_ci;

--
-- Dumping data for table `tasksfile`
--

INSERT INTO `tasksfile` (`id`, `taskId`, `user`, `userName`, `oldName`, `newName`) VALUES
(53, 136, 'hassan_shojaei@yahoo.com', 'hassan1', '14356237207973.jpg', '14357126513986.jpg'),
(54, 136, 'hassan_shojaei@yahoo.com', 'hassan1', 'jok.docx', '14357126632573.docx'),
(55, 136, 'hassan_shojaei@yahoo.com', 'hassan1', '14356237207973.jpg', '14357126738369.jpg'),
(56, 135, 'hassan_shojaei@yahoo.com', 'hassan1', '14356237207973.jpg', '14369355041834.jpg'),
(57, 135, 'hassan_shojaei@yahoo.com', 'hassan1', 'screen shot 2015-07-14 at 07.13.53.png', '14370003868013.png'),
(58, 384, 'hassan_shojaei38@yahoo.com', 'hassan', 'screenshot from 2015-12-31 19-16-53.png', '14549403274872.png');

-- --------------------------------------------------------

--
-- Table structure for table `taskUser`
--

CREATE TABLE IF NOT EXISTS `taskUser` (
  `id` int(11) NOT NULL,
  `taskId` int(11) NOT NULL,
  `userId` int(11) NOT NULL
) ENGINE=InnoDB AUTO_INCREMENT=209 DEFAULT CHARSET=utf8 COLLATE=utf8_persian_ci;

--
-- Dumping data for table `taskUser`
--

INSERT INTO `taskUser` (`id`, `taskId`, `userId`) VALUES
(130, 136, 43),
(132, 137, 46),
(133, 136, 40),
(134, 138, 40),
(135, 138, 42),
(136, 134, 39),
(137, 134, 63),
(138, 135, 63),
(139, 135, 46),
(140, 126, 63),
(141, 149, 43),
(142, 147, 46),
(143, 154, 39),
(144, 154, 42),
(145, 154, 63),
(146, 154, 45),
(147, 154, 57),
(148, 145, 45),
(149, 40, 39),
(150, 156, 42),
(151, 169, 39),
(152, 136, 33),
(153, 127, 0),
(154, 127, 42),
(155, 127, 43),
(156, 13, 0),
(158, 206, 33),
(159, 209, 43),
(160, 209, 40),
(161, 210, 33),
(162, 211, 33),
(163, 214, 33),
(164, 282, 33),
(167, 205, 69),
(168, 205, 33),
(169, 205, 46),
(170, 205, 45),
(171, 338, 0),
(172, 336, 46),
(173, 382, 110),
(174, 382, 33),
(175, 380, 110),
(176, 380, 111),
(177, 380, 33),
(178, 381, 110),
(179, 381, 33),
(180, 408, 33),
(182, 409, 71),
(184, 411, 33),
(186, 413, 33),
(187, 414, 71),
(188, 415, 33),
(189, 415, 71),
(190, 416, 45),
(191, 416, 43),
(192, 417, 43),
(193, 423, 45),
(194, 418, 43),
(195, 419, 45),
(196, 420, 45),
(197, 421, 45),
(198, 422, 43),
(199, 424, 45),
(200, 431, 42),
(201, 410, 43),
(202, 412, 45),
(203, 411, 71),
(204, 411, 43),
(205, 408, 33),
(206, 415, 33),
(207, 411, 33),
(208, 413, 33);

-- --------------------------------------------------------

--
-- Table structure for table `users`
--

CREATE TABLE IF NOT EXISTS `users` (
  `id` int(11) NOT NULL,
  `name` varchar(100) COLLATE utf8_persian_ci NOT NULL,
  `email` varchar(100) COLLATE utf8_persian_ci NOT NULL,
  `phone` bigint(20) NOT NULL,
  `profile` varchar(200) COLLATE utf8_persian_ci NOT NULL,
  `company` varchar(200) COLLATE utf8_persian_ci NOT NULL,
  `web` varchar(500) COLLATE utf8_persian_ci NOT NULL,
  `pass` varchar(500) COLLATE utf8_persian_ci NOT NULL,
  `forgetPassCode` varchar(100) COLLATE utf8_persian_ci NOT NULL,
  `type` int(11) NOT NULL,
  `hash` varchar(500) COLLATE utf8_persian_ci NOT NULL,
  `block` tinyint(1) NOT NULL,
  `hashCookie` varchar(100) COLLATE utf8_persian_ci NOT NULL
) ENGINE=InnoDB AUTO_INCREMENT=121 DEFAULT CHARSET=utf8 COLLATE=utf8_persian_ci COMMENT='all users table (admin and public users)';

--
-- Dumping data for table `users`
--

INSERT INTO `users` (`id`, `name`, `email`, `phone`, `profile`, `company`, `web`, `pass`, `forgetPassCode`, `type`, `hash`, `block`, `hashCookie`) VALUES
(33, 'حسن', 'hassan_shojaei@yahoo.com', 9388391302, '', 'espida', 'www.espida.net', 'e9be3a6c6ff0e99d48e0b3d726258f27092a9987', '5f589fba3dcc6a4dba702d3f59a9a4dad7502042', 0, '', 0, 'ae9016f89e24df9f9f95fd169cd09bccf228006e'),
(39, 'حسن', 'h@y.cceddd', 3421423458, '', 'esssss', 'www.espida.net', 'qqwwwee', '', 0, '', 0, '0.8716141803857071'),
(40, 'امین', 'amin@y.ccedddd', 9388391302, '', 'espidaaa', 'wwwwwwwww', 'fdsafsfs', '', 0, '', 0, '0.1418603212962489'),
(41, 'مسعود', 'masoud@y.ccc', 34214234444, '', 'esssss', 'www.espida.net', 'qqwwwee', '', 0, '', 0, '0.09445909605776807'),
(42, 'حمید', 'hamid@yg.ccc', 9388391302, '', 'espida', 'www.espida.net', 'qqwwwee', '', 0, '', 0, '0.04671454713373868'),
(43, 'بهروز', 'behroz@yahoo.com', 3421423455, '', 'esssss', 'www.espida.net', 'qqwwwee', '', 0, '', 0, '0.9501954782290342'),
(45, 'حامد', 'hd.habibi@gmail.com', 0, '', 'espid', 'www.espid.net', '456789', '', 0, '', 0, '0.6108337804776'),
(46, 'hassan3', 'hassan_shojaei@yahood.com', 9388391302, '', 'espid', 'www.espida.net', '123456', '', 0, '', 0, '0.2035824984345422'),
(69, 'gmail user', 'hassan_shojaei@gmail.com', 22432143143, '', 'آتین', 'atin.net', '666666', '', 0, '', 0, '0.18541118147355615'),
(70, 'ddd', '', 0, '', '', '', '', '', 0, '', 0, '0.31630844279779907'),
(71, 'پیام', 'payam@ya.cc', 0, '', '', '', '', '', 0, '', 0, '0.02530870030197194'),
(72, '', 'ha@dh.cc', 0, '', '', '', '', '', 0, 'd827d326f4c62c3c9590ab1f041b4e3e', 0, ''),
(94, '', 'name@nffd.comddf', 0, '', '', '', '', '', 0, 'c88bf882bf23dde597319b782e6ca73099f68b12', 0, '1453229808'),
(96, '', 'testhassan@gmail.com', 0, '', '', '', '', '', 0, 'bfdb55c4e7548a9bf2e79d6c51fd2139164afe65', 0, '1453230672'),
(109, '', 'test2@test.test', 0, '', '', '', '', '', 0, 'b9db9b5323847dff386127845886e7222db7fd56', 0, ''),
(110, 'حسن', 'hasanshojaycyber@gmail.com', 0, '', '', '', 'ddb334599457d23437f8bc7a942b8477144dbc4d', '6203b5f1b2800487fca40e03de7f3e6c0c76a38f', 0, '0740114d0587b4680fdf72291a7a300a9a2a3666', 0, '9db2d7bed2627f3f744e8b76c433b9ab3b7cd79d'),
(111, 'shojaei', 'hassan_shojaei38@yahoo.com', 0, '', '', '', 'ddb334599457d23437f8bc7a942b8477144dbc4d', '', 0, '', 0, 'c16dcb58e6e9ec1a00fe2bdd646696f8f842752e'),
(112, '', 'payam.aryanfard@gmail.com', 0, '', '', '', '', '', 0, '205cbc1bdda94d1013cbd807bc760e10cda0b9a3', 0, ''),
(113, 'hassan', 'h@', 0, '', '', '', '123', '', 0, '', 0, ''),
(117, 'hassan', 'h@h', 0, '', '', '', '123', '', 0, '', 0, ''),
(118, 'hassan', 'h@g', 0, '', '', '', '123', '', 0, '', 0, ''),
(119, '', 'h@dd.cc', 0, '', '', '', '', '', 0, 'b2bf14b502206943c755b9feae279b1ea72f26d3', 0, ''),
(120, '', 'gg@g.ccs', 0, '', '', '', '', '', 0, '407496340541ab79893300049bb70400e1d94c1b', 0, '');

--
-- Indexes for dumped tables
--

--
-- Indexes for table `adminproject`
--
ALTER TABLE `adminproject`
  ADD PRIMARY KEY (`id`);

--
-- Indexes for table `groups`
--
ALTER TABLE `groups`
  ADD PRIMARY KEY (`id`);

--
-- Indexes for table `permitions`
--
ALTER TABLE `permitions`
  ADD PRIMARY KEY (`id`);

--
-- Indexes for table `projectresource`
--
ALTER TABLE `projectresource`
  ADD PRIMARY KEY (`id`);

--
-- Indexes for table `projects`
--
ALTER TABLE `projects`
  ADD PRIMARY KEY (`id`);

--
-- Indexes for table `projectuser`
--
ALTER TABLE `projectuser`
  ADD PRIMARY KEY (`id`);

--
-- Indexes for table `taskcomment`
--
ALTER TABLE `taskcomment`
  ADD PRIMARY KEY (`id`);

--
-- Indexes for table `taskresource`
--
ALTER TABLE `taskresource`
  ADD PRIMARY KEY (`id`),
  ADD UNIQUE KEY `taskId_2` (`taskId`,`resourceId`),
  ADD KEY `taskId` (`taskId`),
  ADD KEY `resourceId` (`resourceId`);

--
-- Indexes for table `tasks`
--
ALTER TABLE `tasks`
  ADD PRIMARY KEY (`id`),
  ADD KEY `groupId` (`groupId`);

--
-- Indexes for table `tasksfile`
--
ALTER TABLE `tasksfile`
  ADD PRIMARY KEY (`id`),
  ADD KEY `taskId` (`taskId`);

--
-- Indexes for table `taskUser`
--
ALTER TABLE `taskUser`
  ADD PRIMARY KEY (`id`,`taskId`,`userId`);

--
-- Indexes for table `users`
--
ALTER TABLE `users`
  ADD PRIMARY KEY (`id`),
  ADD UNIQUE KEY `email` (`email`);

--
-- AUTO_INCREMENT for dumped tables
--

--
-- AUTO_INCREMENT for table `adminproject`
--
ALTER TABLE `adminproject`
  MODIFY `id` int(11) NOT NULL AUTO_INCREMENT;
--
-- AUTO_INCREMENT for table `groups`
--
ALTER TABLE `groups`
  MODIFY `id` int(11) NOT NULL AUTO_INCREMENT,AUTO_INCREMENT=57;
--
-- AUTO_INCREMENT for table `permitions`
--
ALTER TABLE `permitions`
  MODIFY `id` int(11) NOT NULL AUTO_INCREMENT,AUTO_INCREMENT=4;
--
-- AUTO_INCREMENT for table `projectresource`
--
ALTER TABLE `projectresource`
  MODIFY `id` int(11) NOT NULL AUTO_INCREMENT,AUTO_INCREMENT=28;
--
-- AUTO_INCREMENT for table `projects`
--
ALTER TABLE `projects`
  MODIFY `id` int(11) NOT NULL AUTO_INCREMENT,AUTO_INCREMENT=38;
--
-- AUTO_INCREMENT for table `projectuser`
--
ALTER TABLE `projectuser`
  MODIFY `id` int(11) NOT NULL AUTO_INCREMENT,AUTO_INCREMENT=112;
--
-- AUTO_INCREMENT for table `taskcomment`
--
ALTER TABLE `taskcomment`
  MODIFY `id` int(11) NOT NULL AUTO_INCREMENT,AUTO_INCREMENT=124;
--
-- AUTO_INCREMENT for table `taskresource`
--
ALTER TABLE `taskresource`
  MODIFY `id` int(11) NOT NULL AUTO_INCREMENT,AUTO_INCREMENT=9;
--
-- AUTO_INCREMENT for table `tasks`
--
ALTER TABLE `tasks`
  MODIFY `id` int(11) NOT NULL AUTO_INCREMENT,AUTO_INCREMENT=435;
--
-- AUTO_INCREMENT for table `tasksfile`
--
ALTER TABLE `tasksfile`
  MODIFY `id` int(11) NOT NULL AUTO_INCREMENT,AUTO_INCREMENT=59;
--
-- AUTO_INCREMENT for table `taskUser`
--
ALTER TABLE `taskUser`
  MODIFY `id` int(11) NOT NULL AUTO_INCREMENT,AUTO_INCREMENT=209;
--
-- AUTO_INCREMENT for table `users`
--
ALTER TABLE `users`
  MODIFY `id` int(11) NOT NULL AUTO_INCREMENT,AUTO_INCREMENT=121;
--
-- Constraints for dumped tables
--

--
-- Constraints for table `tasks`
--
ALTER TABLE `tasks`
  ADD CONSTRAINT `tasks_ibfk_1` FOREIGN KEY (`groupId`) REFERENCES `groups` (`id`) ON DELETE CASCADE;

--
-- Constraints for table `tasksfile`
--
ALTER TABLE `tasksfile`
  ADD CONSTRAINT `tasksfile_ibfk_1` FOREIGN KEY (`taskId`) REFERENCES `tasks` (`id`) ON DELETE CASCADE;

/*!40101 SET CHARACTER_SET_CLIENT=@OLD_CHARACTER_SET_CLIENT */;
/*!40101 SET CHARACTER_SET_RESULTS=@OLD_CHARACTER_SET_RESULTS */;
/*!40101 SET COLLATION_CONNECTION=@OLD_COLLATION_CONNECTION */;
